sepal length (cm),sepal width (cm),petal length (cm),petal width (cm),target
-1.2415334663222048,-0.17239134799508438,-1.311979084849723,-1.1698726523086087,0
-0.7601634632247436,-0.8776286807022652,0.09774056219510831,0.2612968574665191,1
-0.519478461676013,1.943320650126459,-1.3683678707315163,-1.0397663332381426,0
-1.843245970194031,-0.17239134799508438,-1.4811454424951027,-1.430085290449541,0
0.5636040452932732,-0.6425495697998722,0.7744059927766271,0.39140317653698536,2
0.683946546067639,-0.6425495697998722,1.0563499221855934,1.1720410909597825,2
-0.27879346012728345,-0.4074704588974783,-0.07142579545027135,0.1311905383960531,1
0.5636040452932732,-1.347786902507053,0.7180172068948342,0.9118284528188499,2
-0.1584509593529176,-0.17239134799508438,0.2669069198404882,0.0010842193255868099,1
-1.0008484647734743,0.5328459847120964,-1.311979084849723,-1.299978971379075,0
-0.8805059639991095,1.0030042065168843,-1.311979084849723,-1.1698726523086087,0
0.5636040452932732,-0.4074704588974783,1.0563499221855934,0.781722133748384,2
0.3229190437445426,-0.6425495697998722,0.1541293480769016,0.1311905383960531,1
0.08223404219581305,-0.17239134799508438,0.2669069198404882,0.39140317653698536,1
-0.8805059639991095,1.708241539224065,-1.1992015130861364,-1.299978971379075,0
-1.2415334663222048,-0.17239134799508438,-1.311979084849723,-1.430085290449541,0
1.2856590499394651,0.06268776290730958,0.6616284210130411,0.39140317653698536,1
-0.7601634632247436,1.0030042065168843,-1.2555902989679297,-1.299978971379075,0
-1.121190965547839,0.06268776290730958,-1.2555902989679297,-1.299978971379075,0
0.8042890468420039,-0.6425495697998722,0.4924620633676609,0.39140317653698536,1
2.2483990561343865,-1.112707791604659,1.7894041386489061,1.4322537291007145,2
2.2483990561343865,1.708241539224065,1.6766265668853195,1.3021474100302488,2
-0.27879346012728345,-0.6425495697998722,0.6616284210130411,1.0419347718893162,2
-1.4822184678709356,0.7679250956144904,-1.311979084849723,-1.1698726523086087,0
0.683946546067639,-0.8776286807022652,0.8871835645402137,0.9118284528188499,2
-0.1584509593529176,1.708241539224065,-1.1428127272043431,-1.1698726523086087,0
-1.722903469419665,-0.17239134799508438,-1.3683678707315163,-1.299978971379075,0
-0.519478461676013,0.7679250956144904,-1.1428127272043431,-1.299978971379075,0
0.9246315476163687,-0.4074704588974783,0.4924620633676609,0.1311905383960531,1
1.0449740483907346,-1.347786902507053,1.16912749394918,0.781722133748384,2
0.20257654297017783,-0.8776286807022652,0.7744059927766271,0.5215094956074516,1
-1.0008484647734743,-2.5231824570190216,-0.12781458133206464,-0.2591284188153455,1
-0.1584509593529176,-0.6425495697998722,0.21051813395869465,0.1311905383960531,1
0.5636040452932732,0.5328459847120964,1.2819050657127666,1.6924663672416471,2
-0.27879346012728345,-0.8776286807022652,0.2669069198404882,0.1311905383960531,1
-0.27879346012728345,-0.17239134799508438,0.21051813395869465,0.1311905383960531,1
-1.4822184678709356,0.06268776290730958,-1.2555902989679297,-1.299978971379075,0
-0.0381084585785528,-0.8776286807022652,0.7744059927766271,0.9118284528188499,2
-0.0381084585785528,2.178399761028853,-1.4247566566133094,-1.299978971379075,0
-1.3618759670965697,0.2977668738097035,-1.1992015130861364,-1.299978971379075,0
-0.3991359609016482,-1.347786902507053,0.1541293480769016,0.1311905383960531,1
-0.519478461676013,-0.17239134799508438,0.4360732774858679,0.39140317653698536,1
-0.0381084585785528,-0.8776286807022652,0.7744059927766271,0.9118284528188499,2
0.683946546067639,-0.6425495697998722,1.0563499221855934,1.3021474100302488,2
0.8042890468420039,-0.17239134799508438,0.8307947786584208,1.0419347718893162,2
1.0449740483907346,0.06268776290730958,0.3796844916040748,0.2612968574665191,1
0.3229190437445426,-0.6425495697998722,0.5488508492494545,0.0010842193255868099,1
1.2856590499394651,0.06268776290730958,0.9435723504220074,1.1720410909597825,2
1.6466865522625604,-0.17239134799508438,1.16912749394918,0.5215094956074516,2
0.4432615445189085,-0.4074704588974783,0.3232957057222813,0.1311905383960531,1
-0.8805059639991095,-1.347786902507053,-0.4097585107410309,-0.1290220997448792,1
-1.121190965547839,0.06268776290730958,-1.2555902989679297,-1.430085290449541,0
0.8042890468420039,-0.17239134799508438,1.16912749394918,1.3021474100302488,2
1.1653165491650992,-0.17239134799508438,0.9999611363038003,1.1720410909597825,2
-0.8805059639991095,1.4731624283216722,-1.2555902989679297,-1.0397663332381426,0
-1.4822184678709356,0.2977668738097035,-1.311979084849723,-1.299978971379075,0
-0.1584509593529176,-1.347786902507053,0.7180172068948342,1.0419347718893162,2
2.489084057683117,1.708241539224065,1.5074602092399398,1.0419347718893162,2
0.3229190437445426,-0.17239134799508438,0.4924620633676609,0.2612968574665191,1
0.5636040452932732,0.7679250956144904,1.0563499221855934,1.5623600481711808,2
1.1653165491650992,-0.6425495697998722,0.6052396351312476,0.2612968574665191,1
-0.3991359609016482,2.648557982833641,-1.311979084849723,-1.299978971379075,0
0.5636040452932732,0.5328459847120964,0.5488508492494545,0.5215094956074516,1
1.0449740483907346,0.06268776290730958,1.0563499221855934,1.5623600481711808,2
-0.3991359609016482,1.0030042065168843,-1.3683678707315163,-1.299978971379075,0
-1.0008484647734743,0.7679250956144904,-1.2555902989679297,-1.299978971379075,0
1.7670290530369253,-0.4074704588974783,1.4510714233581463,0.781722133748384,2
-1.722903469419665,0.2977668738097035,-1.3683678707315163,-1.299978971379075,0
-0.6398209624503788,1.4731624283216722,-1.2555902989679297,-1.299978971379075,0
-1.2415334663222048,0.7679250956144904,-1.0300351554407567,-1.299978971379075,0
-1.6025609686453002,-1.817945124311841,-1.3683678707315163,-1.1698726523086087,0
-1.4822184678709356,1.2380833174192782,-1.537534228376896,-1.299978971379075,0
-1.0008484647734743,0.2977668738097035,-1.4247566566133094,-1.299978971379075,0
-0.0381084585785528,-0.8776286807022652,0.09774056219510831,0.0010842193255868099,1
1.2856590499394651,0.06268776290730958,0.7744059927766271,1.4322537291007145,2
-1.2415334663222048,0.7679250956144904,-1.1992015130861364,-1.299978971379075,0
2.2483990561343865,-0.6425495697998722,1.6766265668853195,1.0419347718893162,2
-0.0381084585785528,-0.8776286807022652,0.21051813395869465,-0.2591284188153455,1
-0.519478461676013,1.4731624283216722,-1.2555902989679297,-1.299978971379075,0
1.0449740483907346,0.5328459847120964,1.112738708067387,1.1720410909597825,2
-0.3991359609016482,-1.112707791604659,0.3796844916040748,0.0010842193255868099,1
1.0449740483907346,-0.17239134799508438,0.8307947786584208,1.4322537291007145,2
0.08223404219581305,0.2977668738097035,0.6052396351312476,0.781722133748384,1
-0.27879346012728345,-1.347786902507053,0.09774056219510831,-0.1290220997448792,1
-1.0008484647734743,1.0030042065168843,-1.3683678707315163,-1.1698726523086087,0
0.20257654297017783,-0.4074704588974783,0.4360732774858679,0.39140317653698536,1
0.08223404219581305,-0.17239134799508438,0.7744059927766271,0.781722133748384,2
1.40600155071383,0.2977668738097035,0.5488508492494545,0.2612968574665191,1
-0.519478461676013,1.943320650126459,-1.1428127272043431,-1.0397663332381426,0
-1.121190965547839,-1.582866013409447,-0.24059215309565124,-0.2591284188153455,1
-1.0008484647734743,1.0030042065168843,-1.1992015130861364,-0.7795536950972102,0
-0.7601634632247436,0.7679250956144904,-1.311979084849723,-1.299978971379075,0
0.20257654297017783,0.7679250956144904,0.4360732774858679,0.5215094956074516,1
-0.8805059639991095,1.708241539224065,-1.2555902989679297,-1.1698726523086087,0
0.3229190437445426,-0.4074704588974783,0.5488508492494545,0.2612968574665191,1
0.4432615445189085,-0.6425495697998722,0.6052396351312476,0.781722133748384,2
-0.27879346012728345,-0.17239134799508438,0.4360732774858679,0.39140317653698536,1
1.0449740483907346,0.5328459847120964,1.112738708067387,1.6924663672416471,2
1.1653165491650992,0.2977668738097035,1.2255162798309736,1.4322537291007145,2
-0.0381084585785528,-0.6425495697998722,0.7744059927766271,1.5623600481711808,2
1.0449740483907346,0.06268776290730958,0.5488508492494545,0.39140317653698536,1
-0.1584509593529176,3.118716204638429,-1.2555902989679297,-1.0397663332381426,0
1.6466865522625604,0.2977668738097035,1.2819050657127666,0.781722133748384,2
-0.519478461676013,0.7679250956144904,-1.2555902989679297,-1.0397663332381426,0
1.8873715538112912,-0.6425495697998722,1.3382938515945597,0.9118284528188499,2
-1.722903469419665,-0.4074704588974783,-1.311979084849723,-1.299978971379075,0
0.4432615445189085,-2.053024235214234,0.4360732774858679,0.39140317653698536,1
0.8042890468420039,0.2977668738097035,0.7744059927766271,1.0419347718893162,2
-1.0008484647734743,0.7679250956144904,-1.1992015130861364,-1.0397663332381426,0
1.0449740483907346,-0.17239134799508438,0.7180172068948342,0.6516158146779176,1
0.9246315476163687,-0.17239134799508438,0.3796844916040748,0.2612968574665191,1
-1.121190965547839,-0.17239134799508438,-1.311979084849723,-1.299978971379075,0
-1.0008484647734743,-0.17239134799508438,-1.1992015130861364,-1.299978971379075,0
0.20257654297017783,-2.053024235214234,0.1541293480769016,-0.2591284188153455,1
-0.3991359609016482,-1.582866013409447,0.041351776313315006,-0.1290220997448792,1
0.4432615445189085,0.7679250956144904,0.9435723504220074,1.4322537291007145,2
-0.1584509593529176,-1.112707791604659,-0.12781458133206464,-0.2591284188153455,1
1.6466865522625604,1.2380833174192782,1.3382938515945597,1.6924663672416471,2
-1.121190965547839,-1.347786902507053,0.4360732774858679,0.6516158146779176,2
0.20257654297017783,-0.17239134799508438,0.6052396351312476,0.781722133748384,2
